Name,Email,Username,Phone,Age,Address
Colleen,Lisandro75@yahoo.com,Billie35,408-720-2028 x09306,56,Nigeria
Selmer,Delpha.Cole55@yahoo.com,Vergie47,921-508-3592,65,Cuba
Jeffery,Gabriella44@yahoo.com,Urban_Kiehn51,1-457-711-7038,23,Georgia
Braulio,Taya.Kohler4@hotmail.com,Mercedes.Braun63,660-279-6407,71,Guyana
Peyton,Randall.Mohr@gmail.com,Kiley_Shields-Carroll,541.950.3722 x085,69,Sri Lanka
Gudrun,Mariam_Hills65@hotmail.com,Bartholome_Boyle,1-967-591-7880 x37751,51,Togo
Janis,Leif_Harvey36@hotmail.com,Giovanna_Berge,588.242.6805,41,Papua New Guinea
Celestino,Amie.Powlowski88@gmail.com,Polly44,537.287.6512 x686,20,Gambia
Anabel,Lambert.Schamberger59@gmail.com,Sammie_Yost88,639-678-6884 x7875,68,Maldives
Noe,George_Boehm@gmail.com,Rowena_OReilly86,(277) 567-3460 x7874,78,Kyrgyz Republic
Lauren,Manuela_Kohler@yahoo.com,Mathilde_Kiehn73,1-939-912-6510,51,Uganda
Javonte,Destiny_Hoeger19@hotmail.com,Estevan.Luettgen99,595-219-5138,98,Seychelles
Alison,Blaise.Doyle51@yahoo.com,Cristobal16,(832) 811-8485 x1642,95,Reunion
Ricardo,Carlie_Welch-Wilkinson63@gmail.com,Gunner_Hessel77,1-849-809-4420 x25755,35,Saint Kitts and Nevis
Houston,Myah.West@yahoo.com,Damaris8,565.245.2727 x6332,94,Vanuatu
Wade,Bud.Feest@yahoo.com,Hassan_Klein84,911-844-1479 x1285,23,Libyan Arab Jamahiriya
Asha,Austyn96@hotmail.com,Efrain.Simonis,816-600-0157 x63091,91,New Caledonia
Alanis,Ruth.Grady@gmail.com,Hermann_Wehner,(895) 321-8380,70,Kyrgyz Republic
Bonnie,Shanel.OKon27@hotmail.com,Jennyfer12,534-707-0621 x77352,32,Saint Lucia
Deven,Finn_Cronin28@yahoo.com,Reymundo_Cremin11,(863) 668-6167,55,Kyrgyz Republic
